{
  "hash": "02cbfe82",
  "configHash": "08f8cb24",
  "lockfileHash": "16160e6a",
  "browserHash": "526838e3",
  "optimized": {
    "@angular/core": {
      "src": "../../../../../../node_modules/@angular/core/fesm2022/core.mjs",
      "file": "@angular_core.js",
      "fileHash": "3097844c",
      "needsInterop": false
    },
    "@angular/platform-browser": {
      "src": "../../../../../../node_modules/@angular/platform-browser/fesm2022/platform-browser.mjs",
      "file": "@angular_platform-browser.js",
      "fileHash": "acfe6184",
      "needsInterop": false
    },
    "@angular/router": {
      "src": "../../../../../../node_modules/@angular/router/fesm2022/router.mjs",
      "file": "@angular_router.js",
      "fileHash": "dfc58f37",
      "needsInterop": false
    }
  },
  "chunks": {
    "chunk-7PHRKH4L": {
      "file": "chunk-7PHRKH4L.js"
    },
    "chunk-Z6U7LK3C": {
      "file": "chunk-Z6U7LK3C.js"
    }
  }
}